<?XML VERSION="1.0"?>


<!--
	Bayesian network in BIF (BayesNet Interchange Format)
	Produced by JavaBayes (http://www.cs.cmu.edu/~javabayes/
	Output created Thu Aug 06 07:59:29 GMT+01:00 1998
-->



<!-- DTD for the BIF format -->
<!DOCTYPE BIF [
	<!ELEMENT BIF ( NETWORK )*>
	<!ELEMENT PROPERTY (#PCDATA)>
	<!ELEMENT TYPE (#PCDATA)>
	<!ELEMENT VALUE (#PCDATA)>
	<!ELEMENT NAME (#PCDATA)>
	<!ELEMENT NETWORK
	    ( NAME, ( PROPERTY | VARIABLE | PROBABILITY )* )>
	<!ELEMENT VARIABLE ( NAME, TYPE, ( VALUE |  PROPERTY )* ) >
	<!ELEMENT PROBABILITY
	    ( FOR | GIVEN | TABLE | ENTRY | DEFAULT | PROPERTY )* >
	<!ELEMENT FOR (#PCDATA)>
	<!ELEMENT GIVEN (#PCDATA)>
	<!ELEMENT TABLE (#PCDATA)>
	<!ELEMENT DEFAULT (TABLE)>
	<!ELEMENT ENTRY ( VALUE* , TABLE )>
]>


<BIF>
<NETWORK>
<NAME>Alarm</NAME>

<!-- Variables -->
<VARIABLE>
	<NAME>Hypovolemia</NAME>
	<TYPE>discrete</TYPE>
	<VALUE>True</VALUE>
	<VALUE>False</VALUE>
	<PROPERTY>position = (54, 35)</PROPERTY>
</VARIABLE>

<VARIABLE>
	<NAME>StrokeVolume</NAME>
	<TYPE>discrete</TYPE>
	<VALUE>Low</VALUE>
	<VALUE>Normal</VALUE>
	<VALUE>High</VALUE>
	<PROPERTY>position = (184, 113)</PROPERTY>
</VARIABLE>

<VARIABLE>
	<NAME>LVFailure</NAME>
	<TYPE>discrete</TYPE>
	<VALUE>True</VALUE>
	<VALUE>False</VALUE>
	<PROPERTY>position = (145, 36)</PROPERTY>
</VARIABLE>

<VARIABLE>
	<NAME>LVEDVolume</NAME>
	<TYPE>discrete</TYPE>
	<VALUE>Low</VALUE>
	<VALUE>Normal</VALUE>
	<VALUE>High</VALUE>
	<PROPERTY>position = (68, 114)</PROPERTY>
</VARIABLE>

<VARIABLE>
	<NAME>PCWP</NAME>
	<TYPE>discrete</TYPE>
	<VALUE>Low</VALUE>
	<VALUE>Normal</VALUE>
	<VALUE>High</VALUE>
	<PROPERTY>position = (111, 177)</PROPERTY>
</VARIABLE>

<VARIABLE>
	<NAME>CVP</NAME>
	<TYPE>discrete</TYPE>
	<VALUE>Low</VALUE>
	<VALUE>Normal</VALUE>
	<VALUE>High</VALUE>
	<PROPERTY>position = (32, 179)</PROPERTY>
</VARIABLE>

<VARIABLE>
	<NAME>History</NAME>
	<TYPE>discrete</TYPE>
	<VALUE>True</VALUE>
	<VALUE>False</VALUE>
	<PROPERTY>position = (238, 61)</PROPERTY>
</VARIABLE>

<VARIABLE>
	<NAME>MinVolSet</NAME>
	<TYPE>discrete</TYPE>
	<VALUE>Low</VALUE>
	<VALUE>Normal</VALUE>
	<VALUE>High</VALUE>
	<PROPERTY>position = (564, 38)</PROPERTY>
</VARIABLE>

<VARIABLE>
	<NAME>VentMach</NAME>
	<TYPE>discrete</TYPE>
	<VALUE>Zero</VALUE>
	<VALUE>Low</VALUE>
	<VALUE>Normal</VALUE>
	<VALUE>High</VALUE>
	<PROPERTY>position = (640, 86)</PROPERTY>
</VARIABLE>

<VARIABLE>
	<NAME>Disconnect</NAME>
	<TYPE>discrete</TYPE>
	<VALUE>True</VALUE>
	<VALUE>False</VALUE>
	<PROPERTY>position = (738, 86)</PROPERTY>
</VARIABLE>

<VARIABLE>
	<NAME>VentTube</NAME>
	<TYPE>discrete</TYPE>
	<VALUE>Zero</VALUE>
	<VALUE>Low</VALUE>
	<VALUE>Normal</VALUE>
	<VALUE>High</VALUE>
	<PROPERTY>position = (682, 168)</PROPERTY>
</VARIABLE>

<VARIABLE>
	<NAME>KinkedTube</NAME>
	<TYPE>discrete</TYPE>
	<VALUE>True</VALUE>
	<VALUE>False</VALUE>
	<PROPERTY>position = (564, 172)</PROPERTY>
</VARIABLE>

<VARIABLE>
	<NAME>Press</NAME>
	<TYPE>discrete</TYPE>
	<VALUE>Zero</VALUE>
	<VALUE>Low</VALUE>
	<VALUE>Normal</VALUE>
	<VALUE>High</VALUE>
	<PROPERTY>position = (722, 253)</PROPERTY>
</VARIABLE>

<VARIABLE>
	<NAME>ErrLowOutput</NAME>
	<TYPE>discrete</TYPE>
	<VALUE>True</VALUE>
	<VALUE>False</VALUE>
	<PROPERTY>position = (226, 237)</PROPERTY>
</VARIABLE>

<VARIABLE>
	<NAME>HRBP</NAME>
	<TYPE>discrete</TYPE>
	<VALUE>Low</VALUE>
	<VALUE>Normal</VALUE>
	<VALUE>High</VALUE>
	<PROPERTY>position = (229, 305)</PROPERTY>
</VARIABLE>

<VARIABLE>
	<NAME>ErrCauter</NAME>
	<TYPE>discrete</TYPE>
	<VALUE>True</VALUE>
	<VALUE>False</VALUE>
	<PROPERTY>position = (366, 278)</PROPERTY>
</VARIABLE>

<VARIABLE>
	<NAME>HREKG</NAME>
	<TYPE>discrete</TYPE>
	<VALUE>Low</VALUE>
	<VALUE>Normal</VALUE>
	<VALUE>High</VALUE>
	<PROPERTY>position = (289, 305)</PROPERTY>
</VARIABLE>

<VARIABLE>
	<NAME>HRSat</NAME>
	<TYPE>discrete</TYPE>
	<VALUE>Low</VALUE>
	<VALUE>Normal</VALUE>
	<VALUE>High</VALUE>
	<PROPERTY>position = (220, 396)</PROPERTY>
</VARIABLE>

<VARIABLE>
	<NAME>BP</NAME>
	<TYPE>discrete</TYPE>
	<VALUE>Low</VALUE>
	<VALUE>Normal</VALUE>
	<VALUE>High</VALUE>
	<PROPERTY>position = (154, 396)</PROPERTY>
</VARIABLE>

<VARIABLE>
	<NAME>CO</NAME>
	<TYPE>discrete</TYPE>
	<VALUE>Low</VALUE>
	<VALUE>Normal</VALUE>
	<VALUE>High</VALUE>
	<PROPERTY>position = (195, 176)</PROPERTY>
</VARIABLE>

<VARIABLE>
	<NAME>HR</NAME>
	<TYPE>discrete</TYPE>
	<VALUE>Low</VALUE>
	<VALUE>Normal</VALUE>
	<VALUE>High</VALUE>
	<PROPERTY>position = (308, 171)</PROPERTY>
</VARIABLE>

<VARIABLE>
	<NAME>TPR</NAME>
	<TYPE>discrete</TYPE>
	<VALUE>Low</VALUE>
	<VALUE>Normal</VALUE>
	<VALUE>High</VALUE>
	<PROPERTY>position = (120, 301)</PROPERTY>
</VARIABLE>

<VARIABLE>
	<NAME>Anaphylaxis</NAME>
	<TYPE>discrete</TYPE>
	<VALUE>True</VALUE>
	<VALUE>False</VALUE>
	<PROPERTY>position = (31, 239)</PROPERTY>
</VARIABLE>

<VARIABLE>
	<NAME>InsuffAnesth</NAME>
	<TYPE>discrete</TYPE>
	<VALUE>True</VALUE>
	<VALUE>False</VALUE>
	<PROPERTY>position = (329, 37)</PROPERTY>
</VARIABLE>

<VARIABLE>
	<NAME>PAP</NAME>
	<TYPE>discrete</TYPE>
	<VALUE>Low</VALUE>
	<VALUE>Normal</VALUE>
	<VALUE>High</VALUE>
	<PROPERTY>position = (1045, 292)</PROPERTY>
</VARIABLE>

<VARIABLE>
	<NAME>PulmEmbolus</NAME>
	<TYPE>discrete</TYPE>
	<VALUE>True</VALUE>
	<VALUE>False</VALUE>
	<PROPERTY>position = (969, 258)</PROPERTY>
</VARIABLE>

<VARIABLE>
	<NAME>FiO2</NAME>
	<TYPE>discrete</TYPE>
	<VALUE>Low</VALUE>
	<VALUE>Normal</VALUE>
	<PROPERTY>position = (1014, 162)</PROPERTY>
</VARIABLE>

<VARIABLE>
	<NAME>Catechol</NAME>
	<TYPE>discrete</TYPE>
	<VALUE>Normal</VALUE>
	<VALUE>High</VALUE>
	<PROPERTY>position = (329, 107)</PROPERTY>
</VARIABLE>

<VARIABLE>
	<NAME>SaO2</NAME>
	<TYPE>discrete</TYPE>
	<VALUE>Low</VALUE>
	<VALUE>Normal</VALUE>
	<VALUE>High</VALUE>
	<PROPERTY>position = (926, 387)</PROPERTY>
</VARIABLE>

<VARIABLE>
	<NAME>Shunt</NAME>
	<TYPE>discrete</TYPE>
	<VALUE>Normal</VALUE>
	<VALUE>High</VALUE>
	<PROPERTY>position = (894, 293)</PROPERTY>
</VARIABLE>

<VARIABLE>
	<NAME>PVSat</NAME>
	<TYPE>discrete</TYPE>
	<VALUE>Low</VALUE>
	<VALUE>Normal</VALUE>
	<VALUE>High</VALUE>
	<PROPERTY>position = (949, 197)</PROPERTY>
</VARIABLE>

<VARIABLE>
	<NAME>MinVol</NAME>
	<TYPE>discrete</TYPE>
	<VALUE>Zero</VALUE>
	<VALUE>Low</VALUE>
	<VALUE>Normal</VALUE>
	<VALUE>High</VALUE>
	<PROPERTY>position = (754, 387)</PROPERTY>
</VARIABLE>

<VARIABLE>
	<NAME>ExpCO2</NAME>
	<TYPE>discrete</TYPE>
	<VALUE>Zero</VALUE>
	<VALUE>Low</VALUE>
	<VALUE>Normal</VALUE>
	<VALUE>High</VALUE>
	<PROPERTY>position = (530, 393)</PROPERTY>
</VARIABLE>

<VARIABLE>
	<NAME>ArtCO2</NAME>
	<TYPE>discrete</TYPE>
	<VALUE>Low</VALUE>
	<VALUE>Normal</VALUE>
	<VALUE>High</VALUE>
	<PROPERTY>position = (474, 277)</PROPERTY>
</VARIABLE>

<VARIABLE>
	<NAME>VentAlv</NAME>
	<TYPE>discrete</TYPE>
	<VALUE>Zero</VALUE>
	<VALUE>Low</VALUE>
	<VALUE>Normal</VALUE>
	<VALUE>High</VALUE>
	<PROPERTY>position = (881, 165)</PROPERTY>
</VARIABLE>

<VARIABLE>
	<NAME>VentLung</NAME>
	<TYPE>discrete</TYPE>
	<VALUE>Zero</VALUE>
	<VALUE>Low</VALUE>
	<VALUE>Normal</VALUE>
	<VALUE>High</VALUE>
	<PROPERTY>position = (706, 344)</PROPERTY>
</VARIABLE>

<VARIABLE>
	<NAME>Intubation</NAME>
	<TYPE>discrete</TYPE>
	<VALUE>Normal</VALUE>
	<VALUE>Esophageal</VALUE>
	<VALUE>OneSided</VALUE>
	<PROPERTY>position = (843, 86)</PROPERTY>
</VARIABLE>


<!-- Probability distributions -->
<PROBABILITY>
	<FOR>Hypovolemia</FOR>
	<TABLE>0.2 0.8 </TABLE>
</PROBABILITY>

<PROBABILITY>
	<FOR>StrokeVolume</FOR>
	<GIVEN>LVFailure</GIVEN>
	<GIVEN>Hypovolemia</GIVEN>
	<TABLE>0.98 0.5 0.95 0.05 0.01 0.49 0.04 0.9 0.01 0.01 0.01 0.05 </TABLE>
</PROBABILITY>

<PROBABILITY>
	<FOR>LVFailure</FOR>
	<TABLE>0.05 0.95 </TABLE>
</PROBABILITY>

<PROBABILITY>
	<FOR>LVEDVolume</FOR>
	<GIVEN>Hypovolemia</GIVEN>
	<GIVEN>LVFailure</GIVEN>
	<TABLE>0.95 0.98 0.01 0.05 0.04 0.01 0.09 0.9 0.01 0.01 0.9 0.05 </TABLE>
</PROBABILITY>

<PROBABILITY>
	<FOR>PCWP</FOR>
	<GIVEN>LVEDVolume</GIVEN>
	<TABLE>0.95 0.04 0.01 0.04 0.95 0.04 0.01 0.01 0.95 </TABLE>
</PROBABILITY>

<PROBABILITY>
	<FOR>CVP</FOR>
	<GIVEN>LVEDVolume</GIVEN>
	<TABLE>0.95 0.04 0.01 0.04 0.95 0.29 0.01 0.01 0.7 </TABLE>
</PROBABILITY>

<PROBABILITY>
	<FOR>History</FOR>
	<GIVEN>LVFailure</GIVEN>
	<TABLE>0.9 0.01 0.1 0.99 </TABLE>
</PROBABILITY>

<PROBABILITY>
	<FOR>MinVolSet</FOR>
	<TABLE>0.01 0.98 0.01 </TABLE>
</PROBABILITY>

<PROBABILITY>
	<FOR>VentMach</FOR>
	<GIVEN>MinVolSet</GIVEN>
	<TABLE>0.01 0.01 0.01 0.97 0.01 0.01 0.01 0.97 0.01 0.01 0.01 0.97 </TABLE>
</PROBABILITY>

<PROBABILITY>
	<FOR>Disconnect</FOR>
	<TABLE>0.05 0.95 </TABLE>
</PROBABILITY>

<PROBABILITY>
	<FOR>VentTube</FOR>
	<GIVEN>VentMach</GIVEN>
	<GIVEN>Disconnect</GIVEN>
	<TABLE>0.97 0.97 0.97 0.01 0.97 0.01 0.97 0.01 0.01 0.01 0.01 0.97 0.01 0.01 0.01 0.01 0.01 0.01 0.01 0.01 0.01 0.97 0.01 0.01 0.01 0.01 0.01 0.01 0.01 0.01 0.01 0.97 </TABLE>
</PROBABILITY>

<PROBABILITY>
	<FOR>KinkedTube</FOR>
	<TABLE>0.04 0.96 </TABLE>
</PROBABILITY>

<PROBABILITY>
	<FOR>Press</FOR>
	<GIVEN>KinkedTube</GIVEN>
	<GIVEN>Intubation</GIVEN>
	<GIVEN>VentTube</GIVEN>
	<TABLE>0.97 0.01 0.01 0.01 0.97 0.1 0.05 0.01 0.97 0.01 0.01 0.01 0.97 0.01 0.01 0.01 0.97 0.4 0.2 0.2 0.97 0.01 0.01 0.01 0.01 0.49 0.01 0.01 0.01 0.84 0.25 0.15 0.01 0.29 0.01 0.01 0.01 0.97 0.01 0.01 0.01 0.58 0.75 0.7 0.01 0.9 0.01 0.01 0.01 0.3 0.08 0.01 0.01 0.05 0.25 0.25 0.01 0.3 0.08 0.01 0.01 0.01 0.97 0.01 0.01 0.01 0.04 0.09 0.01 0.08 0.38 0.01 0.01 0.2 0.9 0.97 0.01 0.01 0.45 0.59 0.01 0.4 0.9 0.97 0.01 0.01 0.01 0.97 0.01 0.01 0.01 0.01 0.01 0.01 0.6 0.97 </TABLE>
</PROBABILITY>

<PROBABILITY>
	<FOR>ErrLowOutput</FOR>
	<TABLE>0.05 0.95 </TABLE>
</PROBABILITY>

<PROBABILITY>
	<FOR>HRBP</FOR>
	<GIVEN>ErrLowOutput</GIVEN>
	<GIVEN>HR</GIVEN>
	<TABLE>0.98 0.4 0.3 0.98 0.01 0.01 0.01 0.59 0.4 0.01 0.98 0.01 0.01 0.01 0.3 0.01 0.01 0.98 </TABLE>
</PROBABILITY>

<PROBABILITY>
	<FOR>ErrCauter</FOR>
	<TABLE>0.1 0.9 </TABLE>
</PROBABILITY>

<PROBABILITY>
	<FOR>HREKG</FOR>
	<GIVEN>HR</GIVEN>
	<GIVEN>ErrCauter</GIVEN>
	<TABLE>0.333333 0.98 0.333333 0.01 0.333333 0.01 0.333333 0.01 0.333333 0.98 0.333333 0.01 0.333333 0.01 0.333333 0.01 0.333333 0.98 </TABLE>
</PROBABILITY>

<PROBABILITY>
	<FOR>HRSat</FOR>
	<GIVEN>HR</GIVEN>
	<GIVEN>ErrCauter</GIVEN>
	<TABLE>0.333333 0.98 0.333333 0.01 0.333333 0.01 0.333333 0.01 0.333333 0.98 0.333333 0.01 0.333333 0.01 0.333333 0.01 0.333333 0.98 </TABLE>
</PROBABILITY>

<PROBABILITY>
	<FOR>BP</FOR>
	<GIVEN>CO</GIVEN>
	<GIVEN>TPR</GIVEN>
	<TABLE>0.98 0.98 0.3 0.98 0.1 0.05 0.9 0.05 0.01 0.01 0.01 0.6 0.01 0.85 0.4 0.09 0.2 0.09 0.01 0.01 0.1 0.01 0.05 0.55 0.01 0.75 0.9 </TABLE>
</PROBABILITY>

<PROBABILITY>
	<FOR>CO</FOR>
	<GIVEN>HR</GIVEN>
	<GIVEN>StrokeVolume</GIVEN>
	<TABLE>0.98 0.95 0.3 0.95 0.04 0.01 0.8 0.01 0.01 0.01 0.04 0.69 0.04 0.95 0.3 0.19 0.04 0.01 0.01 0.01 0.01 0.01 0.01 0.69 0.01 0.95 0.98 </TABLE>
</PROBABILITY>

<PROBABILITY>
	<FOR>HR</FOR>
	<GIVEN>Catechol</GIVEN>
	<TABLE>0.1 0.01 0.89 0.09 0.01 0.9 </TABLE>
</PROBABILITY>

<PROBABILITY>
	<FOR>TPR</FOR>
	<GIVEN>Anaphylaxis</GIVEN>
	<TABLE>0.98 0.3 0.01 0.4 0.01 0.3 </TABLE>
</PROBABILITY>

<PROBABILITY>
	<FOR>Anaphylaxis</FOR>
	<TABLE>0.01 0.99 </TABLE>
</PROBABILITY>

<PROBABILITY>
	<FOR>InsuffAnesth</FOR>
	<TABLE>0.2 0.8 </TABLE>
</PROBABILITY>

<PROBABILITY>
	<FOR>PAP</FOR>
	<GIVEN>PulmEmbolus</GIVEN>
	<TABLE>0.01 0.05 0.19 0.9 0.8 0.05 </TABLE>
</PROBABILITY>

<PROBABILITY>
	<FOR>PulmEmbolus</FOR>
	<TABLE>0.01 0.99 </TABLE>
</PROBABILITY>

<PROBABILITY>
	<FOR>FiO2</FOR>
	<TABLE>0.01 0.99 </TABLE>
</PROBABILITY>

<PROBABILITY>
	<FOR>Catechol</FOR>
	<GIVEN>InsuffAnesth</GIVEN>
	<GIVEN>SaO2</GIVEN>
	<GIVEN>TPR</GIVEN>
	<GIVEN>ArtCO2</GIVEN>
	<TABLE>0.01 0.01 0.01 0.01 0.01 0.01 0.01 0.01 0.01 0.01 0.01 0.01 0.01 0.01 0.01 0.05 0.05 0.01 0.01 0.01 0.01 0.05 0.05 0.01 0.05 0.05 0.01 0.05 0.05 0.01 0.05 0.05 0.01 0.05 0.05 0.01 0.1 0.1 0.1 0.95 0.95 0.3 0.95 0.95 0.3 0.95 0.95 0.3 0.99 0.99 0.99 0.95 0.99 0.3 0.99 0.99 0.99 0.99 0.99 0.99 0.99 0.99 0.99 0.99 0.99 0.99 0.99 0.99 0.99 0.95 0.95 0.99 0.99 0.99 0.99 0.95 0.95 0.99 0.95 0.95 0.99 0.95 0.95 0.99 0.95 0.95 0.99 0.95 0.95 0.99 0.9 0.9 0.9 0.05 0.05 0.7 0.05 0.05 0.7 0.05 0.05 0.7 0.01 0.01 0.01 0.05 0.01 0.7 </TABLE>
</PROBABILITY>

<PROBABILITY>
	<FOR>SaO2</FOR>
	<GIVEN>Shunt</GIVEN>
	<GIVEN>PVSat</GIVEN>
	<TABLE>0.98 0.01 0.01 0.98 0.98 0.69 0.01 0.98 0.01 0.01 0.01 0.3 0.01 0.01 0.98 0.01 0.01 0.01 </TABLE>
</PROBABILITY>

<PROBABILITY>
	<FOR>Shunt</FOR>
	<GIVEN>PulmEmbolus</GIVEN>
	<GIVEN>Intubation</GIVEN>
	<TABLE>0.1 0.1 0.01 0.95 0.95 0.05 0.9 0.9 0.99 0.05 0.05 0.95 </TABLE>
</PROBABILITY>

<PROBABILITY>
	<FOR>PVSat</FOR>
	<GIVEN>VentAlv</GIVEN>
	<GIVEN>FiO2</GIVEN>
	<TABLE>0.98 0.98 0.98 0.98 0.95 0.01 0.95 0.01 0.01 0.01 0.01 0.01 0.04 0.95 0.04 0.01 0.01 0.01 0.01 0.01 0.01 0.04 0.01 0.98 </TABLE>
</PROBABILITY>

<PROBABILITY>
	<FOR>MinVol</FOR>
	<GIVEN>VentLung</GIVEN>
	<GIVEN>Intubation</GIVEN>
	<TABLE>0.97 0.97 0.97 0.01 0.6 0.01 0.01 0.5 0.01 0.01 0.5 0.01 0.01 0.01 0.01 0.97 0.38 0.97 0.01 0.48 0.01 0.01 0.48 0.01 0.01 0.01 0.01 0.01 0.01 0.01 0.97 0.01 0.97 0.01 0.01 0.01 0.01 0.01 0.01 0.01 0.01 0.01 0.01 0.01 0.01 0.97 0.01 0.97 </TABLE>
</PROBABILITY>

<PROBABILITY>
	<FOR>ExpCO2</FOR>
	<GIVEN>ArtCO2</GIVEN>
	<GIVEN>VentLung</GIVEN>
	<TABLE>0.97 0.01 0.01 0.01 0.97 0.01 0.01 0.01 0.97 0.01 0.01 0.01 0.01 0.97 0.97 0.97 0.01 0.01 0.01 0.01 0.01 0.01 0.01 0.01 0.01 0.01 0.01 0.01 0.01 0.97 0.97 0.97 0.01 0.01 0.01 0.01 0.01 0.01 0.01 0.01 0.01 0.01 0.01 0.01 0.01 0.97 0.97 0.97 </TABLE>
</PROBABILITY>

<PROBABILITY>
	<FOR>ArtCO2</FOR>
	<GIVEN>VentAlv</GIVEN>
	<TABLE>0.01 0.01 0.04 0.9 0.01 0.01 0.92 0.09 0.98 0.98 0.04 0.01 </TABLE>
</PROBABILITY>

<PROBABILITY>
	<FOR>VentAlv</FOR>
	<GIVEN>Intubation</GIVEN>
	<GIVEN>VentLung</GIVEN>
	<TABLE>0.97 0.01 0.01 0.01 0.97 0.01 0.01 0.01 0.97 0.03 0.01 0.01 0.01 0.97 0.01 0.01 0.01 0.97 0.01 0.01 0.01 0.95 0.94 0.88 0.01 0.01 0.97 0.01 0.01 0.01 0.97 0.01 0.01 0.01 0.04 0.1 0.01 0.01 0.01 0.97 0.01 0.01 0.01 0.97 0.01 0.01 0.01 0.01 </TABLE>
</PROBABILITY>

<PROBABILITY>
	<FOR>VentLung<FOR>
	<GIVEN>KinkedTube</GIVEN>
	<GIVEN>VentTube</GIVEN>
	<GIVEN>Intubation</GIVEN>
	<TABLE>0.97 0.97 0.97 0.95 0.97 0.95 0.4 0.97 0.5 0.3 0.97 0.3 0.97 0.97 0.97 0.01 0.97 0.01 0.01 0.97 0.01 0.01 0.97 0.01 0.01 0.01 0.01 0.03 0.01 0.03 0.58 0.01 0.48 0.68 0.01 0.68 0.01 0.01 0.01 0.97 0.01 0.97 0.01 0.01 0.01 0.01 0.01 0.01 0.01 0.01 0.01 0.01 0.01 0.01 0.01 0.01 0.01 0.01 0.01 0.01 0.01 0.01 0.01 0.01 0.01 0.01 0.97 0.01 0.97 0.01 0.01 0.01 0.01 0.01 0.01 0.01 0.01 0.01 0.01 0.01 0.01 0.01 0.01 0.01 0.01 0.01 0.01 0.01 0.01 0.01 0.01 0.01 0.01 0.97 0.01 0.97 </TABLE>
</PROBABILITY>

<PROBABILITY>
	<FOR>Intubation</FOR>
	<TABLE>0.92 0.03 0.05 </TABLE>
</PROBABILITY>


</NETWORK>
</BIF>
